{"Spam": {"Decision Tree": 0.9650959860383944, "KNN": 0.9720767888307156, "SVM": 0.9842931937172775, "Naive Bayes": 0.9546247818499127, "Logistic Regression": 0.9738219895287958}}