{"Price Prediction": {"Linear Regression": 0.9033851050358045, "KNN": 0.8832680603543228, "Random Forest": 0.9905658328976773}}